maintenance_id,machine_id,maintenance_date,maintenance_type,maintenance_status,technician_id,maintenance_notes
MAINT-000001,MCH-001-01-01,2026-01-09,Corrective,Completed,EMP-0083,Synthetic maintenance activity.
MAINT-000002,MCH-001-01-01,2026-01-13,Preventive,Completed,EMP-0056,Synthetic maintenance activity.
MAINT-000003,MCH-001-01-01,2026-01-17,Corrective,Completed,EMP-0087,Synthetic maintenance activity.
MAINT-000004,MCH-001-01-01,2026-01-19,Inspection,Completed,EMP-0017,Synthetic maintenance activity.
MAINT-000005,MCH-001-01-02,2026-01-04,Inspection,Completed,EMP-0061,Synthetic maintenance activity.
MAINT-000006,MCH-001-01-02,2026-01-08,Inspection,Completed,EMP-0069,Synthetic maintenance activity.
MAINT-000007,MCH-001-01-03,2026-01-06,Inspection,Completed,EMP-0041,Synthetic maintenance activity.
MAINT-000008,MCH-001-01-03,2026-01-11,Inspection,Completed,EMP-0059,Synthetic maintenance activity.
MAINT-000009,MCH-001-01-03,2026-01-14,Corrective,Completed,EMP-0008,Synthetic maintenance activity.
MAINT-000010,MCH-001-01-03,2026-01-16,Corrective,Completed,EMP-0086,Synthetic maintenance activity.
MAINT-000011,MCH-001-01-03,2026-01-24,Corrective,Completed,EMP-0066,Synthetic maintenance activity.
MAINT-000012,MCH-001-01-04,2026-01-01,Inspection,Completed,EMP-0060,Synthetic maintenance activity.
MAINT-000013,MCH-001-01-04,2026-01-02,Inspection,Completed,EMP-0046,Synthetic maintenance activity.
MAINT-000014,MCH-001-01-04,2026-01-04,Inspection,Completed,EMP-0008,Synthetic maintenance activity.
MAINT-000015,MCH-001-01-04,2026-01-09,Corrective,Completed,EMP-0072,Synthetic maintenance activity.
MAINT-000016,MCH-001-01-04,2026-01-13,Inspection,Completed,EMP-0027,Synthetic maintenance activity.
MAINT-000017,MCH-001-01-04,2026-01-19,Preventive,Completed,EMP-0048,Synthetic maintenance activity.
MAINT-000018,MCH-001-01-04,2026-01-26,Preventive,Completed,EMP-0100,Synthetic maintenance activity.
MAINT-000019,MCH-001-02-01,2026-01-15,Corrective,Completed,EMP-0014,Synthetic maintenance activity.
MAINT-000020,MCH-001-02-01,2026-01-24,Preventive,Completed,EMP-0075,Synthetic maintenance activity.
MAINT-000021,MCH-001-02-02,2026-01-02,Corrective,Completed,EMP-0091,Synthetic maintenance activity.
MAINT-000022,MCH-001-02-02,2026-01-06,Inspection,Completed,EMP-0048,Synthetic maintenance activity.
MAINT-000023,MCH-001-02-02,2026-01-07,Inspection,Completed,EMP-0069,Synthetic maintenance activity.
MAINT-000024,MCH-001-02-02,2026-01-10,Preventive,Completed,EMP-0044,Synthetic maintenance activity.
MAINT-000025,MCH-001-02-02,2026-01-12,Corrective,Completed,EMP-0077,Synthetic maintenance activity.
MAINT-000026,MCH-001-02-02,2026-01-14,Preventive,Completed,EMP-0076,Synthetic maintenance activity.
MAINT-000027,MCH-001-02-02,2026-01-20,Preventive,Completed,EMP-0025,Synthetic maintenance activity.
MAINT-000028,MCH-001-02-02,2026-01-21,Inspection,Completed,EMP-0062,Synthetic maintenance activity.
MAINT-000029,MCH-001-02-02,2026-01-29,Corrective,Completed,EMP-0073,Synthetic maintenance activity.
MAINT-000030,MCH-001-02-03,2026-01-15,Corrective,Completed,EMP-0088,Synthetic maintenance activity.
MAINT-000031,MCH-001-02-03,2026-01-29,Corrective,Completed,EMP-0100,Synthetic maintenance activity.
MAINT-000032,MCH-001-02-04,2026-01-08,Inspection,Completed,EMP-0047,Synthetic maintenance activity.
MAINT-000033,MCH-001-02-04,2026-01-17,Inspection,Completed,EMP-0091,Synthetic maintenance activity.
MAINT-000034,MCH-001-02-04,2026-01-18,Inspection,Completed,EMP-0016,Synthetic maintenance activity.
MAINT-000035,MCH-001-02-04,2026-01-20,Corrective,Completed,EMP-0072,Synthetic maintenance activity.
MAINT-000036,MCH-001-03-01,2026-01-02,Corrective,Completed,EMP-0088,Synthetic maintenance activity.
MAINT-000037,MCH-001-03-01,2026-01-05,Inspection,Completed,EMP-0053,Synthetic maintenance activity.
MAINT-000038,MCH-001-03-01,2026-01-20,Preventive,Completed,EMP-0011,Synthetic maintenance activity.
MAINT-000039,MCH-001-03-02,2026-01-11,Preventive,Completed,EMP-0034,Synthetic maintenance activity.
MAINT-000040,MCH-001-03-03,2026-01-11,Corrective,Completed,EMP-0003,Synthetic maintenance activity.
MAINT-000041,MCH-001-03-03,2026-01-17,Corrective,Completed,EMP-0014,Synthetic maintenance activity.
MAINT-000042,MCH-001-03-03,2026-01-21,Corrective,Completed,EMP-0055,Synthetic maintenance activity.
MAINT-000043,MCH-001-03-03,2026-01-28,Corrective,Completed,EMP-0041,Synthetic maintenance activity.
MAINT-000044,MCH-001-03-03,2026-01-29,Preventive,Completed,EMP-0079,Synthetic maintenance activity.
MAINT-000045,MCH-001-03-04,2026-01-01,Preventive,Completed,EMP-0074,Synthetic maintenance activity.
MAINT-000046,MCH-001-03-04,2026-01-13,Preventive,Completed,EMP-0016,Synthetic maintenance activity.
MAINT-000047,MCH-001-03-04,2026-01-26,Corrective,Completed,EMP-0003,Synthetic maintenance activity.
MAINT-000048,MCH-002-01-01,2026-01-01,Corrective,Completed,EMP-0005,Synthetic maintenance activity.
MAINT-000049,MCH-002-01-01,2026-01-02,Preventive,Completed,EMP-0057,Synthetic maintenance activity.
MAINT-000050,MCH-002-01-01,2026-01-03,Preventive,Completed,EMP-0024,Synthetic maintenance activity.
MAINT-000051,MCH-002-01-02,2026-01-07,Corrective,Completed,EMP-0071,Synthetic maintenance activity.
MAINT-000052,MCH-002-01-02,2026-01-13,Preventive,Completed,EMP-0025,Synthetic maintenance activity.
MAINT-000053,MCH-002-01-02,2026-01-17,Corrective,Completed,EMP-0029,Synthetic maintenance activity.
MAINT-000054,MCH-002-01-02,2026-01-18,Inspection,Completed,EMP-0016,Synthetic maintenance activity.
MAINT-000055,MCH-002-01-02,2026-01-23,Corrective,Completed,EMP-0008,Synthetic maintenance activity.
MAINT-000056,MCH-002-01-03,2026-01-08,Preventive,Completed,EMP-0067,Synthetic maintenance activity.
MAINT-000057,MCH-002-01-03,2026-01-23,Preventive,Completed,EMP-0080,Synthetic maintenance activity.
MAINT-000058,MCH-002-01-03,2026-01-25,Preventive,Completed,EMP-0098,Synthetic maintenance activity.
MAINT-000059,MCH-002-01-04,2026-01-02,Inspection,Completed,EMP-0004,Synthetic maintenance activity.
MAINT-000060,MCH-002-01-04,2026-01-13,Inspection,Completed,EMP-0026,Synthetic maintenance activity.
MAINT-000061,MCH-002-01-04,2026-01-18,Corrective,Completed,EMP-0051,Synthetic maintenance activity.
MAINT-000062,MCH-002-01-04,2026-01-21,Corrective,Completed,EMP-0031,Synthetic maintenance activity.
MAINT-000063,MCH-002-01-04,2026-01-23,Corrective,Completed,EMP-0047,Synthetic maintenance activity.
MAINT-000064,MCH-002-02-01,2026-01-03,Corrective,Completed,EMP-0021,Synthetic maintenance activity.
MAINT-000065,MCH-002-02-01,2026-01-06,Preventive,Completed,EMP-0041,Synthetic maintenance activity.
MAINT-000066,MCH-002-02-01,2026-01-09,Preventive,Completed,EMP-0006,Synthetic maintenance activity.
MAINT-000067,MCH-002-02-01,2026-01-13,Inspection,Completed,EMP-0071,Synthetic maintenance activity.
MAINT-000068,MCH-002-02-01,2026-01-22,Corrective,Completed,EMP-0039,Synthetic maintenance activity.
MAINT-000069,MCH-002-02-02,2026-01-08,Inspection,Completed,EMP-0052,Synthetic maintenance activity.
MAINT-000070,MCH-002-02-02,2026-01-10,Inspection,Completed,EMP-0043,Synthetic maintenance activity.
MAINT-000071,MCH-002-02-03,2026-01-17,Preventive,Completed,EMP-0006,Synthetic maintenance activity.
MAINT-000072,MCH-002-02-04,2026-01-05,Corrective,Completed,EMP-0005,Synthetic maintenance activity.
MAINT-000073,MCH-002-02-04,2026-01-15,Preventive,Completed,EMP-0090,Synthetic maintenance activity.
MAINT-000074,MCH-002-02-04,2026-01-22,Preventive,Completed,EMP-0007,Synthetic maintenance activity.
MAINT-000075,MCH-002-02-04,2026-01-25,Preventive,Completed,EMP-0061,Synthetic maintenance activity.
MAINT-000076,MCH-002-02-04,2026-01-27,Inspection,Completed,EMP-0047,Synthetic maintenance activity.
MAINT-000077,MCH-002-02-04,2026-01-30,Preventive,Completed,EMP-0024,Synthetic maintenance activity.
MAINT-000078,MCH-002-03-01,2026-01-15,Corrective,Completed,EMP-0063,Synthetic maintenance activity.
MAINT-000079,MCH-002-03-01,2026-01-19,Preventive,Completed,EMP-0058,Synthetic maintenance activity.
MAINT-000080,MCH-002-03-01,2026-01-24,Preventive,Completed,EMP-0085,Synthetic maintenance activity.
MAINT-000081,MCH-002-03-02,2026-01-08,Corrective,Completed,EMP-0030,Synthetic maintenance activity.
MAINT-000082,MCH-002-03-02,2026-01-11,Corrective,Completed,EMP-0093,Synthetic maintenance activity.
MAINT-000083,MCH-002-03-02,2026-01-16,Inspection,Completed,EMP-0007,Synthetic maintenance activity.
MAINT-000084,MCH-002-03-02,2026-01-17,Inspection,Completed,EMP-0093,Synthetic maintenance activity.
MAINT-000085,MCH-002-03-02,2026-01-22,Preventive,Completed,EMP-0004,Synthetic maintenance activity.
MAINT-000086,MCH-002-03-03,2026-01-04,Inspection,Completed,EMP-0079,Synthetic maintenance activity.
MAINT-000087,MCH-002-03-03,2026-01-13,Preventive,Completed,EMP-0027,Synthetic maintenance activity.
MAINT-000088,MCH-002-03-03,2026-01-18,Preventive,Completed,EMP-0067,Synthetic maintenance activity.
MAINT-000089,MCH-002-03-04,2026-01-01,Inspection,Completed,EMP-0044,Synthetic maintenance activity.
MAINT-000090,MCH-002-03-04,2026-01-06,Inspection,Completed,EMP-0099,Synthetic maintenance activity.
MAINT-000091,MCH-002-03-04,2026-01-13,Preventive,Completed,EMP-0021,Synthetic maintenance activity.
MAINT-000092,MCH-002-03-04,2026-01-17,Inspection,Completed,EMP-0011,Synthetic maintenance activity.
MAINT-000093,MCH-002-03-04,2026-01-24,Preventive,Completed,EMP-0049,Synthetic maintenance activity.
MAINT-000094,MCH-003-01-01,2026-01-01,Inspection,Completed,EMP-0072,Synthetic maintenance activity.
MAINT-000095,MCH-003-01-01,2026-01-07,Inspection,Completed,EMP-0064,Synthetic maintenance activity.
MAINT-000096,MCH-003-01-01,2026-01-11,Corrective,Completed,EMP-0085,Synthetic maintenance activity.
MAINT-000097,MCH-003-01-01,2026-01-18,Corrective,Completed,EMP-0006,Synthetic maintenance activity.
MAINT-000098,MCH-003-01-01,2026-01-22,Preventive,Completed,EMP-0081,Synthetic maintenance activity.
MAINT-000099,MCH-003-01-02,2026-01-01,Inspection,Completed,EMP-0086,Synthetic maintenance activity.
MAINT-000100,MCH-003-01-02,2026-01-03,Corrective,Completed,EMP-0038,Synthetic maintenance activity.
MAINT-000101,MCH-003-01-02,2026-01-06,Corrective,Completed,EMP-0001,Synthetic maintenance activity.
MAINT-000102,MCH-003-01-02,2026-01-07,Corrective,Completed,EMP-0054,Synthetic maintenance activity.
MAINT-000103,MCH-003-01-02,2026-01-10,Inspection,Completed,EMP-0079,Synthetic maintenance activity.
MAINT-000104,MCH-003-01-03,2026-01-05,Corrective,Completed,EMP-0021,Synthetic maintenance activity.
MAINT-000105,MCH-003-01-03,2026-01-09,Corrective,Completed,EMP-0093,Synthetic maintenance activity.
MAINT-000106,MCH-003-01-03,2026-01-11,Corrective,Completed,EMP-0009,Synthetic maintenance activity.
MAINT-000107,MCH-003-01-03,2026-01-12,Corrective,Completed,EMP-0038,Synthetic maintenance activity.
MAINT-000108,MCH-003-01-04,2026-01-01,Preventive,Completed,EMP-0086,Synthetic maintenance activity.
MAINT-000109,MCH-003-02-01,2026-01-09,Preventive,Completed,EMP-0013,Synthetic maintenance activity.
MAINT-000110,MCH-003-02-01,2026-01-12,Corrective,Completed,EMP-0054,Synthetic maintenance activity.
MAINT-000111,MCH-003-02-01,2026-01-16,Corrective,Completed,EMP-0002,Synthetic maintenance activity.
MAINT-000112,MCH-003-02-01,2026-01-19,Corrective,Completed,EMP-0040,Synthetic maintenance activity.
MAINT-000113,MCH-003-02-01,2026-01-22,Inspection,Completed,EMP-0025,Synthetic maintenance activity.
MAINT-000114,MCH-003-02-01,2026-01-26,Preventive,Completed,EMP-0099,Synthetic maintenance activity.
MAINT-000115,MCH-003-02-02,2026-01-02,Inspection,Completed,EMP-0072,Synthetic maintenance activity.
MAINT-000116,MCH-003-02-02,2026-01-10,Corrective,Completed,EMP-0091,Synthetic maintenance activity.
MAINT-000117,MCH-003-02-02,2026-01-11,Preventive,Completed,EMP-0047,Synthetic maintenance activity.
MAINT-000118,MCH-003-02-02,2026-01-28,Preventive,Completed,EMP-0087,Synthetic maintenance activity.
MAINT-000119,MCH-003-02-03,2026-01-09,Corrective,Completed,EMP-0091,Synthetic maintenance activity.
MAINT-000120,MCH-003-02-03,2026-01-10,Corrective,Completed,EMP-0005,Synthetic maintenance activity.
MAINT-000121,MCH-003-02-03,2026-01-11,Preventive,Completed,EMP-0044,Synthetic maintenance activity.
MAINT-000122,MCH-003-02-03,2026-01-13,Inspection,Completed,EMP-0092,Synthetic maintenance activity.
MAINT-000123,MCH-003-02-03,2026-01-19,Preventive,Completed,EMP-0010,Synthetic maintenance activity.
MAINT-000124,MCH-003-02-03,2026-01-25,Corrective,Completed,EMP-0056,Synthetic maintenance activity.
MAINT-000125,MCH-003-02-03,2026-01-28,Preventive,Completed,EMP-0082,Synthetic maintenance activity.
MAINT-000126,MCH-003-02-04,2026-01-01,Corrective,Completed,EMP-0027,Synthetic maintenance activity.
MAINT-000127,MCH-003-02-04,2026-01-13,Preventive,Completed,EMP-0072,Synthetic maintenance activity.
MAINT-000128,MCH-003-02-04,2026-01-18,Corrective,Completed,EMP-0015,Synthetic maintenance activity.
MAINT-000129,MCH-003-02-04,2026-01-19,Corrective,Completed,EMP-0031,Synthetic maintenance activity.
MAINT-000130,MCH-003-03-01,2026-01-03,Preventive,Completed,EMP-0055,Synthetic maintenance activity.
MAINT-000131,MCH-003-03-01,2026-01-07,Preventive,Completed,EMP-0046,Synthetic maintenance activity.
MAINT-000132,MCH-003-03-01,2026-01-08,Inspection,Completed,EMP-0003,Synthetic maintenance activity.
MAINT-000133,MCH-003-03-01,2026-01-29,Corrective,Completed,EMP-0032,Synthetic maintenance activity.
MAINT-000134,MCH-003-03-02,2026-01-04,Preventive,Completed,EMP-0100,Synthetic maintenance activity.
MAINT-000135,MCH-003-03-02,2026-01-09,Corrective,Completed,EMP-0013,Synthetic maintenance activity.
MAINT-000136,MCH-003-03-02,2026-01-16,Corrective,Completed,EMP-0061,Synthetic maintenance activity.
MAINT-000137,MCH-003-03-03,2026-01-16,Corrective,Completed,EMP-0007,Synthetic maintenance activity.
MAINT-000138,MCH-003-03-03,2026-01-18,Corrective,Completed,EMP-0023,Synthetic maintenance activity.
MAINT-000139,MCH-003-03-04,2026-01-08,Corrective,Completed,EMP-0061,Synthetic maintenance activity.
MAINT-000140,MCH-003-03-04,2026-01-24,Preventive,Completed,EMP-0028,Synthetic maintenance activity.
MAINT-000141,MCH-003-03-04,2026-01-29,Corrective,Completed,EMP-0088,Synthetic maintenance activity.
MAINT-000142,MCH-004-01-01,2026-01-02,Inspection,Completed,EMP-0003,Synthetic maintenance activity.
MAINT-000143,MCH-004-01-01,2026-01-08,Inspection,Completed,EMP-0035,Synthetic maintenance activity.
MAINT-000144,MCH-004-01-01,2026-01-12,Preventive,Completed,EMP-0086,Synthetic maintenance activity.
MAINT-000145,MCH-004-01-01,2026-01-19,Corrective,Completed,EMP-0023,Synthetic maintenance activity.
MAINT-000146,MCH-004-01-01,2026-01-21,Preventive,Completed,EMP-0079,Synthetic maintenance activity.
MAINT-000147,MCH-004-01-01,2026-01-27,Corrective,Completed,EMP-0098,Synthetic maintenance activity.
MAINT-000148,MCH-004-01-02,2026-01-05,Preventive,Completed,EMP-0042,Synthetic maintenance activity.
MAINT-000149,MCH-004-01-02,2026-01-06,Preventive,Completed,EMP-0008,Synthetic maintenance activity.
MAINT-000150,MCH-004-01-02,2026-01-09,Preventive,Completed,EMP-0017,Synthetic maintenance activity.
MAINT-000151,MCH-004-01-02,2026-01-25,Inspection,Completed,EMP-0028,Synthetic maintenance activity.
MAINT-000152,MCH-004-01-02,2026-01-30,Preventive,Completed,EMP-0032,Synthetic maintenance activity.
MAINT-000153,MCH-004-01-03,2026-01-03,Inspection,Completed,EMP-0031,Synthetic maintenance activity.
MAINT-000154,MCH-004-01-03,2026-01-15,Preventive,Completed,EMP-0076,Synthetic maintenance activity.
MAINT-000155,MCH-004-01-03,2026-01-18,Preventive,Completed,EMP-0097,Synthetic maintenance activity.
MAINT-000156,MCH-004-01-04,2026-01-06,Preventive,Completed,EMP-0017,Synthetic maintenance activity.
MAINT-000157,MCH-004-01-04,2026-01-24,Corrective,Completed,EMP-0075,Synthetic maintenance activity.
MAINT-000158,MCH-004-02-01,2026-01-22,Preventive,Completed,EMP-0025,Synthetic maintenance activity.
MAINT-000159,MCH-004-02-01,2026-01-24,Corrective,Completed,EMP-0037,Synthetic maintenance activity.
MAINT-000160,MCH-004-02-01,2026-01-25,Corrective,Completed,EMP-0008,Synthetic maintenance activity.
MAINT-000161,MCH-004-02-01,2026-01-29,Corrective,Completed,EMP-0004,Synthetic maintenance activity.
MAINT-000162,MCH-004-02-02,2026-01-02,Preventive,Completed,EMP-0037,Synthetic maintenance activity.
MAINT-000163,MCH-004-02-02,2026-01-05,Preventive,Completed,EMP-0008,Synthetic maintenance activity.
MAINT-000164,MCH-004-02-02,2026-01-16,Preventive,Completed,EMP-0045,Synthetic maintenance activity.
MAINT-000165,MCH-004-02-02,2026-01-19,Corrective,Completed,EMP-0029,Synthetic maintenance activity.
MAINT-000166,MCH-004-02-02,2026-01-30,Preventive,Completed,EMP-0092,Synthetic maintenance activity.
MAINT-000167,MCH-004-02-03,2026-01-03,Preventive,Completed,EMP-0007,Synthetic maintenance activity.
MAINT-000168,MCH-004-02-03,2026-01-11,Inspection,Completed,EMP-0055,Synthetic maintenance activity.
MAINT-000169,MCH-004-02-03,2026-01-17,Preventive,Completed,EMP-0011,Synthetic maintenance activity.
MAINT-000170,MCH-004-02-03,2026-01-29,Inspection,Completed,EMP-0071,Synthetic maintenance activity.
MAINT-000171,MCH-004-02-04,2026-01-02,Corrective,Completed,EMP-0059,Synthetic maintenance activity.
MAINT-000172,MCH-004-02-04,2026-01-11,Inspection,Completed,EMP-0001,Synthetic maintenance activity.
MAINT-000173,MCH-004-02-04,2026-01-14,Preventive,Completed,EMP-0100,Synthetic maintenance activity.
MAINT-000174,MCH-004-02-04,2026-01-25,Corrective,Completed,EMP-0068,Synthetic maintenance activity.
MAINT-000175,MCH-004-03-01,2026-01-02,Inspection,Completed,EMP-0066,Synthetic maintenance activity.
MAINT-000176,MCH-004-03-01,2026-01-20,Inspection,Completed,EMP-0095,Synthetic maintenance activity.
MAINT-000177,MCH-004-03-01,2026-01-25,Inspection,Completed,EMP-0049,Synthetic maintenance activity.
MAINT-000178,MCH-004-03-02,2026-01-10,Inspection,Completed,EMP-0010,Synthetic maintenance activity.
MAINT-000179,MCH-004-03-02,2026-01-14,Corrective,Completed,EMP-0009,Synthetic maintenance activity.
MAINT-000180,MCH-004-03-03,2026-01-16,Corrective,Completed,EMP-0089,Synthetic maintenance activity.
MAINT-000181,MCH-004-03-03,2026-01-20,Preventive,Completed,EMP-0041,Synthetic maintenance activity.
MAINT-000182,MCH-004-03-04,2026-01-05,Corrective,Completed,EMP-0007,Synthetic maintenance activity.
MAINT-000183,MCH-004-03-04,2026-01-18,Preventive,Completed,EMP-0023,Synthetic maintenance activity.
MAINT-000184,MCH-004-03-04,2026-01-21,Preventive,Completed,EMP-0064,Synthetic maintenance activity.
MAINT-000185,MCH-005-01-01,2026-01-02,Preventive,Completed,EMP-0093,Synthetic maintenance activity.
MAINT-000186,MCH-005-01-01,2026-01-15,Preventive,Completed,EMP-0060,Synthetic maintenance activity.
MAINT-000187,MCH-005-01-01,2026-01-16,Corrective,Completed,EMP-0066,Synthetic maintenance activity.
MAINT-000188,MCH-005-01-01,2026-01-19,Preventive,Completed,EMP-0008,Synthetic maintenance activity.
MAINT-000189,MCH-005-01-01,2026-01-20,Corrective,Completed,EMP-0030,Synthetic maintenance activity.
MAINT-000190,MCH-005-01-01,2026-01-25,Preventive,Completed,EMP-0028,Synthetic maintenance activity.
MAINT-000191,MCH-005-01-01,2026-01-26,Inspection,Completed,EMP-0030,Synthetic maintenance activity.
MAINT-000192,MCH-005-01-01,2026-01-27,Inspection,Completed,EMP-0014,Synthetic maintenance activity.
MAINT-000193,MCH-005-01-02,2026-01-09,Inspection,Completed,EMP-0035,Synthetic maintenance activity.
MAINT-000194,MCH-005-01-02,2026-01-10,Preventive,Completed,EMP-0063,Synthetic maintenance activity.
MAINT-000195,MCH-005-01-02,2026-01-26,Preventive,Completed,EMP-0068,Synthetic maintenance activity.
MAINT-000196,MCH-005-01-02,2026-01-30,Inspection,Completed,EMP-0046,Synthetic maintenance activity.
MAINT-000197,MCH-005-01-03,2026-01-09,Corrective,Completed,EMP-0095,Synthetic maintenance activity.
MAINT-000198,MCH-005-01-03,2026-01-27,Inspection,Completed,EMP-0051,Synthetic maintenance activity.
MAINT-000199,MCH-005-01-04,2026-01-06,Corrective,Completed,EMP-0017,Synthetic maintenance activity.
MAINT-000200,MCH-005-01-04,2026-01-14,Preventive,Completed,EMP-0088,Synthetic maintenance activity.
MAINT-000201,MCH-005-01-04,2026-01-17,Inspection,Completed,EMP-0021,Synthetic maintenance activity.
MAINT-000202,MCH-005-01-04,2026-01-19,Preventive,Completed,EMP-0029,Synthetic maintenance activity.
MAINT-000203,MCH-005-01-04,2026-01-22,Preventive,Completed,EMP-0073,Synthetic maintenance activity.
MAINT-000204,MCH-005-02-01,2026-01-26,Preventive,Completed,EMP-0005,Synthetic maintenance activity.
MAINT-000205,MCH-005-02-01,2026-01-29,Preventive,Completed,EMP-0072,Synthetic maintenance activity.
MAINT-000206,MCH-005-02-02,2026-01-08,Inspection,Completed,EMP-0095,Synthetic maintenance activity.
MAINT-000207,MCH-005-02-03,2026-01-13,Preventive,Completed,EMP-0065,Synthetic maintenance activity.
MAINT-000208,MCH-005-02-03,2026-01-15,Corrective,Completed,EMP-0089,Synthetic maintenance activity.
MAINT-000209,MCH-005-02-03,2026-01-21,Corrective,Completed,EMP-0015,Synthetic maintenance activity.
MAINT-000210,MCH-005-02-03,2026-01-22,Inspection,Completed,EMP-0052,Synthetic maintenance activity.
MAINT-000211,MCH-005-02-03,2026-01-27,Corrective,Completed,EMP-0010,Synthetic maintenance activity.
MAINT-000212,MCH-005-02-04,2026-01-03,Corrective,Completed,EMP-0033,Synthetic maintenance activity.
MAINT-000213,MCH-005-02-04,2026-01-05,Inspection,Completed,EMP-0032,Synthetic maintenance activity.
MAINT-000214,MCH-005-02-04,2026-01-10,Preventive,Completed,EMP-0011,Synthetic maintenance activity.
MAINT-000215,MCH-005-02-04,2026-01-11,Preventive,Completed,EMP-0011,Synthetic maintenance activity.
MAINT-000216,MCH-005-03-01,2026-01-01,Corrective,Completed,EMP-0053,Synthetic maintenance activity.
MAINT-000217,MCH-005-03-01,2026-01-07,Corrective,Completed,EMP-0066,Synthetic maintenance activity.
MAINT-000218,MCH-005-03-01,2026-01-09,Inspection,Completed,EMP-0021,Synthetic maintenance activity.
MAINT-000219,MCH-005-03-02,2026-01-05,Inspection,Completed,EMP-0044,Synthetic maintenance activity.
MAINT-000220,MCH-005-03-02,2026-01-10,Corrective,Completed,EMP-0030,Synthetic maintenance activity.
MAINT-000221,MCH-005-03-02,2026-01-11,Corrective,Completed,EMP-0077,Synthetic maintenance activity.
MAINT-000222,MCH-005-03-02,2026-01-12,Inspection,Completed,EMP-0074,Synthetic maintenance activity.
MAINT-000223,MCH-005-03-02,2026-01-14,Inspection,Completed,EMP-0014,Synthetic maintenance activity.
MAINT-000224,MCH-005-03-02,2026-01-22,Inspection,Completed,EMP-0021,Synthetic maintenance activity.
MAINT-000225,MCH-005-03-02,2026-01-23,Preventive,Completed,EMP-0004,Synthetic maintenance activity.
MAINT-000226,MCH-005-03-03,2026-01-02,Preventive,Completed,EMP-0015,Synthetic maintenance activity.
MAINT-000227,MCH-005-03-03,2026-01-07,Preventive,Completed,EMP-0012,Synthetic maintenance activity.
MAINT-000228,MCH-005-03-03,2026-01-21,Corrective,Completed,EMP-0052,Synthetic maintenance activity.
MAINT-000229,MCH-005-03-03,2026-01-24,Preventive,Completed,EMP-0032,Synthetic maintenance activity.
MAINT-000230,MCH-005-03-03,2026-01-30,Inspection,Completed,EMP-0033,Synthetic maintenance activity.
MAINT-000231,MCH-005-03-04,2026-01-03,Preventive,Completed,EMP-0078,Synthetic maintenance activity.
MAINT-000232,MCH-005-03-04,2026-01-09,Preventive,Completed,EMP-0001,Synthetic maintenance activity.
MAINT-000233,MCH-005-03-04,2026-01-10,Preventive,Completed,EMP-0016,Synthetic maintenance activity.
MAINT-000234,MCH-005-03-04,2026-01-12,Preventive,Completed,EMP-0081,Synthetic maintenance activity.
MAINT-000235,MCH-005-03-04,2026-01-17,Preventive,Completed,EMP-0048,Synthetic maintenance activity.
MAINT-000236,MCH-005-03-04,2026-01-23,Inspection,Completed,EMP-0025,Synthetic maintenance activity.
MAINT-000237,MCH-005-03-04,2026-01-26,Corrective,Completed,EMP-0025,Synthetic maintenance activity.
MAINT-000238,MCH-005-03-04,2026-01-29,Inspection,Completed,EMP-0083,Synthetic maintenance activity.
